key	slug	source_url
airtable-revision-history/01	airtable-revision-history	https://automaticnation.com/wp-content/uploads/2026/03/Screenshot-2026-03-17-at-10.39.18-AM.png
airtable-revision-history/02	airtable-revision-history	https://automaticnation.com/wp-content/uploads/2026/03/Screenshot-2026-03-17-at-10.34.47-AM.png
airtable-revision-history/03	airtable-revision-history	https://automaticnation.com/wp-content/uploads/2026/03/Screenshot-2026-03-17-at-10.35.41-AM.png
airtable-revision-history/04	airtable-revision-history	https://automaticnation.com/wp-content/uploads/2026/03/Screenshot-2026-03-17-at-10.36.13-AM.png
how-to-create-a-form-in-airtable-4-easy-methods/hero	how-to-create-a-form-in-airtable-4-easy-methods	https://automaticnation.com/wp-content/uploads/2025/12/5ddcd661-da0a-4ac2-b84a-c57bccf2e53c.png
how-to-use-airtable-step-by-step-guide-for-beginners/hero	how-to-use-airtable-step-by-step-guide-for-beginners	https://automaticnation.com/wp-content/uploads/2025/12/8dab4e8a-2d0e-4820-ba4e-27e1f6f71cca.png
airtable-login-troubles-quick-fixes-to-access-your-account/hero	airtable-login-troubles-quick-fixes-to-access-your-account	https://automaticnation.com/wp-content/uploads/2025/12/dcb88a06-ee79-40e0-a09e-4db5a577a9d8.png
airtable-benefits-why-this-tool-is-a-game-changer/hero	airtable-benefits-why-this-tool-is-a-game-changer	https://automaticnation.com/wp-content/uploads/2025/11/65acfe69-d0af-45dc-8226-68b9e200c830.png
how-to-export-data-from-airtable-a-simple-step-by-step-guide/hero	how-to-export-data-from-airtable-a-simple-step-by-step-guide	https://automaticnation.com/wp-content/uploads/2025/11/ab8b9c92-6888-47ae-a398-7d763339697f.png
airtable-field-types-a-friendly-guide-to-unlock-the-power-of-your-data/hero	airtable-field-types-a-friendly-guide-to-unlock-the-power-of-your-data	https://automaticnation.com/wp-content/uploads/2025/11/a8fdd3b3-0bfd-4404-9158-738c0b16b981.png
airtable-database-ultimate-guide-to-smarter-organization/hero	airtable-database-ultimate-guide-to-smarter-organization	https://automaticnation.com/wp-content/uploads/2025/11/9ec89c00-d2e4-4e78-acba-cc7ea9535ccf.png
airtable-automation-delete-record/hero	airtable-automation-delete-record	https://automaticnation.com/wp-content/uploads/2025/11/929266ea-1335-4ac4-a060-1a1fd3da520f-2.png
smb-marketing-automation-work-smarter-not-harder/hero	smb-marketing-automation-work-smarter-not-harder	https://automaticnation.com/wp-content/uploads/2025/11/c31ce32a-c76e-4c2d-9935-244aa369571a.png
asana-airtable-integration-streamline-task-management-easily/hero	asana-airtable-integration-streamline-task-management-easily	https://automaticnation.com/wp-content/uploads/2025/11/80e2b85e-a879-4727-b048-42612aee3a26.png
airtable-pricing-compare-plans-and-choose-the-best-one/hero	airtable-pricing-compare-plans-and-choose-the-best-one	https://automaticnation.com/wp-content/uploads/2025/11/c1ee12ee-391e-4e0c-8e7c-712c3b19599c.png
airtable-deep-match-ai-powered-automatic-record-linking/hero	airtable-deep-match-ai-powered-automatic-record-linking	https://automaticnation.com/wp-content/uploads/2025/11/2c8e24b6-0766-4868-8998-4e0b29602064.png
is-airtable-a-crm-key-insights-for-your-business/hero	is-airtable-a-crm-key-insights-for-your-business	https://automaticnation.com/wp-content/uploads/2025/11/e67a4b54-c9ee-4a4d-8d0d-3312659b69fd.png
how-to-manage-multiple-projects-simultaneously/hero	how-to-manage-multiple-projects-simultaneously	https://automaticnation.com/wp-content/uploads/2025/10/article-image-375e6c41-ba90-4f49-a320-85756c0ef1a5.jpg
best-free-crm-software-for-small-business/hero	best-free-crm-software-for-small-business	https://automaticnation.com/wp-content/uploads/2025/10/article-image-09997697-3cc6-48ef-bcae-7124c925ce4e.jpg
how-to-improve-operational-efficiency/hero	how-to-improve-operational-efficiency	https://automaticnation.com/wp-content/uploads/2025/10/article-image-f15a3b7d-c623-4869-9fce-acf9e5af9990.jpg
how-to-build-a-crm-system/hero	how-to-build-a-crm-system	https://automaticnation.com/wp-content/uploads/2025/10/article-image-7c42d5cb-7cd1-4070-bb7c-c8f6199d2edd.jpg
best-erp-software-for-small-business/hero	best-erp-software-for-small-business	https://automaticnation.com/wp-content/uploads/2025/10/article-image-8475ae80-0657-44e6-bb97-84680c813f81.jpg
agency-project-management-software/hero	agency-project-management-software	https://automaticnation.com/wp-content/uploads/2025/10/article-image-c224899e-913b-4f42-a81e-a8947ca9e1d6.jpg
best-database-software-for-small-business/hero	best-database-software-for-small-business	https://automaticnation.com/wp-content/uploads/2025/10/article-image-02b5efc5-f9c5-4400-8219-039dc1fbaae2.jpg
what-is-a-relational-database/hero	what-is-a-relational-database	https://automaticnation.com/wp-content/uploads/2025/10/article-image-fb079b19-aba8-4371-94fc-4dfc1eb2176e.jpg
best-client-portal-software/hero	best-client-portal-software	https://automaticnation.com/wp-content/uploads/2025/10/article-image-aefea994-b972-46cb-a21e-373388e756c7.jpg
best-crm-for-small-business/hero	best-crm-for-small-business	https://automaticnation.com/wp-content/uploads/2025/10/article-image-dc7f2ad9-08d7-4983-bd1a-a3c3975544d9.jpg
what-is-workflow-automation/hero	what-is-workflow-automation	https://automaticnation.com/wp-content/uploads/2025/10/article-image-d01ab3f1-64e7-4bc9-8ff9-f724aea5f4b5.jpg
streamline-procurement-like-a-pro-how-airtable-transforms-purchase-workflows/hero	streamline-procurement-like-a-pro-how-airtable-transforms-purchase-workflows	https://automaticnation.com/wp-content/uploads/2025/10/image-2.png
a-guide-to-more-accurate-date-differences-in-airtable/01	a-guide-to-more-accurate-date-differences-in-airtable	https://automaticnation.com/wp-content/uploads/2025/07/Screenshot-2025-07-24-at-9.05.16%E2%80%AFAM-300x191.png
a-guide-to-more-accurate-date-differences-in-airtable/02	a-guide-to-more-accurate-date-differences-in-airtable	https://automaticnation.com/wp-content/uploads/2025/07/Screenshot-2025-07-24-at-9.09.12%E2%80%AFAM-197x300.png
enhancing-flexibility-in-airtable-with-autopopulating-date-fields/01	enhancing-flexibility-in-airtable-with-autopopulating-date-fields	https://automaticnation.com/wp-content/uploads/2025/07/Screenshot-2025-07-16-at-4.40.59%E2%80%AFPM-282x300.png
enhancing-airtable-with-custom-features-a-practical-guide/hero	enhancing-airtable-with-custom-features-a-practical-guide	https://automaticnation.com/wp-content/uploads/2025/04/thumbnail-tamper.webp
fillout-forms-vs-airtable-forms-which-one-should-you-use-with-airtable/hero	fillout-forms-vs-airtable-forms-which-one-should-you-use-with-airtable	https://automaticnation.com/wp-content/uploads/2025/04/filloutimage.png
what-automation-tool-suits-your-business/hero	what-automation-tool-suits-your-business	https://automaticnation.com/wp-content/uploads/2025/04/automationttol.png
best-practices-for-building-airtable-interfaces/hero	best-practices-for-building-airtable-interfaces	https://automaticnation.com/wp-content/uploads/2025/03/5FC82E4B-81CF-4955-A8A6-ADBC65B27858.png
airtables-ai-field-a-quick-guide/03	airtables-ai-field-a-quick-guide	https://framerusercontent.com/images/BlwHVaJ4Bl4IN4i2UjDe5ORuI.png
airtables-ai-field-a-quick-guide/04	airtables-ai-field-a-quick-guide	https://framerusercontent.com/images/UYPu5AkqRNbKQdD1XWXRnPSP4Ew.png
airtables-ai-field-a-quick-guide/hero	airtables-ai-field-a-quick-guide	https://automaticnation.com/wp-content/uploads/2025/02/313813BE-754E-421A-A7E3-11B0E9BF4B6F.png
airtables-rollup-field-a-quick-guide/01	airtables-rollup-field-a-quick-guide	https://framerusercontent.com/images/FBrSizwkh1PCxkCzmwrkPicuU.png
airtables-rollup-field-a-quick-guide/02	airtables-rollup-field-a-quick-guide	https://framerusercontent.com/images/Mz6x35x9pAh0sUv711eXUoyDGk.png
airtables-rollup-field-a-quick-guide/03	airtables-rollup-field-a-quick-guide	https://framerusercontent.com/images/2v0G9UGsl4MkiMrVQs5zasOWTMM.png
airtables-rollup-field-a-quick-guide/04	airtables-rollup-field-a-quick-guide	https://framerusercontent.com/images/Xba54xo6pWzORdhZ0P0hg9Tg.png
airtables-rollup-field-a-quick-guide/05	airtables-rollup-field-a-quick-guide	https://framerusercontent.com/images/RnLbZ91oiuXIdHu9VOl9HkPKJNs.png
airtables-rollup-field-a-quick-guide/06	airtables-rollup-field-a-quick-guide	https://framerusercontent.com/images/wzvcUFgUZOHZTufz1YoqkHanFVM.png
airtables-rollup-field-a-quick-guide/07	airtables-rollup-field-a-quick-guide	https://framerusercontent.com/images/K5IPwzCIoz2f5RDZcjBsIP5Wvmg.png
airtables-rollup-field-a-quick-guide/hero	airtables-rollup-field-a-quick-guide	https://automaticnation.com/wp-content/uploads/2025/02/rollupguide.png
airtable-automation-limits-what-you-need-to-know/hero	airtable-automation-limits-what-you-need-to-know	https://automaticnation.com/wp-content/uploads/2025/01/34F2F49B-24A3-4D95-BBAE-F2C177103CEB.png
airtables-views-a-quick-guide/hero	airtables-views-a-quick-guide	https://automaticnation.com/wp-content/uploads/2025/01/viewsguide.png
airtables-grouping-feature-a-quick-guide/01	airtables-grouping-feature-a-quick-guide	https://framerusercontent.com/images/r5lsEUKr5sFUsKMpoqO1msR9yjY.png
airtables-grouping-feature-a-quick-guide/hero	airtables-grouping-feature-a-quick-guide	https://automaticnation.com/wp-content/uploads/2025/01/groupingguide.png
airtables-lookup-field-a-quick-guide/hero	airtables-lookup-field-a-quick-guide	https://automaticnation.com/wp-content/uploads/2025/01/lookupguide.png
airtables-count-field-how-to-use-it-and-why-its-a-game-changer/01	airtables-count-field-how-to-use-it-and-why-its-a-game-changer	https://framerusercontent.com/images/Oa1I9LaTOMyXLhX5lU1SgVgtju0.png
airtables-count-field-how-to-use-it-and-why-its-a-game-changer/hero	airtables-count-field-how-to-use-it-and-why-its-a-game-changer	https://automaticnation.com/wp-content/uploads/2025/01/countguide.png
how-marketing-agencies-can-leverage-airtable-to-streamline-their-business/01	how-marketing-agencies-can-leverage-airtable-to-streamline-their-business	https://automaticnation.com/wp-content/uploads/2025/03/fCCPYmlZpUhHpl6fD65SHG1PSHo.avif
