keyword	volume	kd	cpc	intent	position	url
airtable deep match	40		2.21	informational	6	/airtable-deep-match-ai-powered-automatic-record-linking/
rollup airtable	40		0	transactional	8	/airtables-rollup-field-a-quick-guide/
airtable automation limits	70		0	informational	9	/airtable-automation-limits-what-you-need-to-know/
airtable rollup field	30		0.27	transactional	9	/airtables-rollup-field-a-quick-guide/
airtable field types	50		0.22	navigational	11	/airtable-field-types-a-friendly-guide-to-unlock-the-power-of-your-data/
airtable rollup	90		0	transactional	11	/airtables-rollup-field-a-quick-guide/
airtable fill out	30		9.16	transactional	12	/fillout-forms-vs-airtable-forms-which-one-should-you-use-with-airtable/
fill out airtable	50		2.63	navigational	13	/fillout-forms-vs-airtable-forms-which-one-should-you-use-with-airtable/
how to download airtable to excel	70		5.26	informational	13	/how-to-export-airtable-to-excel/
airtable automations limit	70		0	navigational	14	/airtable-automation-limits-what-you-need-to-know/
airtable count number of linked records	40		0	informational	14	/airtables-count-field-how-to-use-it-and-why-its-a-game-changer/
airtable inventory	50		4.24	navigational	15	/airtable-for-inventory-management/
airtable rollup formula	30		0	informational	15	/airtables-rollup-field-a-quick-guide/
airtable automation delete record	40		0	navigational	16	/airtable-automation-delete-record/
airtable automation limit	70		0	informational	16	/airtable-automation-limits-what-you-need-to-know/
airtable group	30	4	1.08	navigational	16	/airtables-grouping-feature-a-quick-guide/
airtable groups	30		0	navigational	16	/airtables-grouping-feature-a-quick-guide/
airtable templates	590	10	3.08	navigational	16	/airtable-templates-why-to-use-them-where-to-find-them/
business software database	70		5.28	commercial	19	/best-database-software-for-small-business/
small database	40	21	0	informational	19	/best-database-software-for-small-business/
airtable plus plan	50	13	2.66	commercial	20	/airtable-pricing-compare-plans-and-choose-the-best-one/
airtable lookup field	70		0.21	navigational	21	/airtables-lookup-field-a-quick-guide/
airtable meaning	70	25	0	informational	21	/understanding-airtable-key-concepts-and-terminology/
download airtable to excel	90		2.55	navigational	22	/how-to-export-airtable-to-excel/
airtable inventory management	90		6.95	navigational	24	/airtable-for-inventory-management/
alternatives to airtable	110		16.44	commercial	24	/airtable-alternatives-best-options-to-organize-your-work/
database software small business	170		33.13	commercial	24	/best-database-software-for-small-business/
airtable marketing	30		4.46	commercial	25	/how-marketing-agencies-can-leverage-airtable-to-streamline-their-business/
asana vs airtable	390		9.34	informational	25	/asana-vs-airtable/
sharepoint client portal	30		0	navigational	25	/best-client-portal-software/
airtable ai playbook	30	18	0	informational	26	/airtables-ai-field-a-quick-guide/
airtable interfaces examples	110	6	6.14	navigational	26	/best-practices-for-building-airtable-interfaces/
asana airtable	40		13.75	transactional	26	/asana-vs-airtable/
airtable custom interface extensions	50		1.93	commercial	27	/enhancing-airtable-with-custom-features-a-practical-guide/
asana airtable integration	50	5	6.06	navigational	27	/asana-vs-airtable/
airtable for inventory management	30		3.96	navigational	28	/airtable-for-inventory-management/
airtable not loading	50	3	0	informational	28	/airtable-login-troubles-quick-fixes-to-access-your-account/
airtable and asana	40		13.75	informational	29	/asana-vs-airtable/
airtable asana	40		13.75	informational	29	/asana-vs-airtable/
airtable database	590	13	13.87	navigational	29	/airtable-database-ultimate-guide-to-smarter-organization/
airtable how to export to excel	30		0	informational	29	/how-to-export-airtable-to-excel/
how to export data from airtable to excel	40		0	informational	29	/how-to-export-airtable-to-excel/
how to export from airtable to excel	40		0	informational	29	/how-to-export-airtable-to-excel/
what is a base in airtable	50	9	0	informational	29	/understanding-airtable-key-concepts-and-terminology/
airtable export to excel	90		2.55	informational	30	/how-to-export-airtable-to-excel/
fill out the table	720		0	informational	30	/fillout-forms-vs-airtable-forms-which-one-should-you-use-with-airtable/
free small business database software	140		29.08	commercial	30	/best-free-crm-software-for-small-business/
airtable enterprise plan	30	8	1.73	commercial	31	/airtable-pricing-compare-plans-and-choose-the-best-one/
airtable interface extensions	110		0	commercial	31	/enhancing-airtable-with-custom-features-a-practical-guide/
airtable project management template	110		3.58	informational	31	/airtable-templates-why-to-use-them-where-to-find-them/
crm software for small business free download	20	50	0	commercial	31	/best-free-crm-software-for-small-business/
airtable consultants	210		30.36	navigational	32	/how-to-hire-and-where-to-find-the-right-airtable-consultant/
automation airtable	50		0	navigational	32	/airtable-automations-boost-your-workflow-productivity/
best database software for startups	30		0	commercial	32	/best-database-software-for-small-business/
can you export airtable to excel	40		3.58	informational	32	/how-to-export-airtable-to-excel/
how to export airtable to excel	260		4.94	informational	32	/how-to-export-airtable-to-excel/
small business database software	170		33.13	commercial	32	/best-database-software-for-small-business/
airtable ai features	70	20	1.62	informational	33	/airtables-ai-field-a-quick-guide/
airtable limits	40	6	2.82	informational	33	/airtable-automation-limits-what-you-need-to-know/
airtable lookup	30		0	navigational	33	/airtables-lookup-field-a-quick-guide/
automations airtable	50	2	0	navigational	33	/airtable-automations-boost-your-workflow-productivity/
exporting data from airtable	90		0	informational	33	/how-to-export-airtable-to-excel/
free crm software for small business download	20	50	56.68	transactional	33	/best-free-crm-software-for-small-business/
airtable automations	720	16	5.72	navigational	34	/airtable-automations-boost-your-workflow-productivity/
airtable dark mode	90		0	navigational	34	/enhancing-airtable-with-custom-features-a-practical-guide/
airtable record templates	70		0	navigational	34	/airtable-templates-why-to-use-them-where-to-find-them/
best database software for small business	90		42.66	commercial	34	/best-database-software-for-small-business/
export airtable to excel	260		2.07	transactional	34	/how-to-export-airtable-to-excel/
airtable ai credits	90	7	0	commercial	35	/airtable-pricing-compare-plans-and-choose-the-best-one/
airtable ai pricing	110	25	5.85	commercial	35	/airtable-pricing-compare-plans-and-choose-the-best-one/
airtable date formats	50		0	informational	35	/a-guide-to-more-accurate-date-differences-in-airtable/
airtable datetime format	90		0	informational	35	/a-guide-to-more-accurate-date-differences-in-airtable/
export data from airtable	90		0	informational	35	/how-to-export-airtable-to-excel/
small business database programs	170		33.13	commercial	35	/best-database-software-for-small-business/
airtable enterprise pricing	90	8	2.19	commercial	36	/airtable-pricing-compare-plans-and-choose-the-best-one/
airtable trash	40		0	transactional	36	/airtable-automation-delete-record/
airtable vs asana	390		8.62	commercial	36	/asana-vs-airtable/
datetime format airtable	40		0	informational	36	/a-guide-to-more-accurate-date-differences-in-airtable/
free database programs for small business	140		29.08	commercial	36	/best-database-software-for-small-business/
free database software small business	140		29.08	commercial	36	/best-free-crm-software-for-small-business/
how to download airtable as csv	50		0	informational	36	/how-to-export-airtable-to-excel/
how to download from airtable	30		0	informational	36	/how-to-export-airtable-to-excel/
pricing airtable	50	5	0.53	commercial	36	/airtable-pricing-compare-plans-and-choose-the-best-one/
airtable export data	50		0	informational	37	/how-to-export-airtable-to-excel/
airtable ui	110	7	4.07	navigational	37	/best-practices-for-building-airtable-interfaces/
airtable.com pricing	70	10	12.09	commercial	37	/airtable-pricing-compare-plans-and-choose-the-best-one/
api nation	880	7	5.68	informational	37	/
automations in airtable	40		0.55	navigational	37	/airtable-automations-boost-your-workflow-productivity/
cost of airtable	50	13	4.86	informational	37	/airtable-pricing-compare-plans-and-choose-the-best-one/
database software for small business free	140		44.1	commercial	37	/best-free-crm-software-for-small-business/
ai plays airtable	30	37	0.95	informational	38	/airtables-ai-field-a-quick-guide/
airtable date format	50		0	informational	38	/a-guide-to-more-accurate-date-differences-in-airtable/
airtable export database	50		0	informational	38	/how-to-export-airtable-to-excel/
airtable partner directory	30	3	1.59	navigational	38	/how-to-hire-and-where-to-find-the-right-airtable-consultant/
how to download data from airtable	40		0	informational	38	/how-to-export-airtable-to-excel/
how to export airtable to csv	70		0	informational	38	/how-to-export-airtable-to-excel/
how to export data from airtable	90		0	informational	38	/how-to-export-airtable-to-excel/
interfaces airtable	70	3	0	navigational	38	/best-practices-for-building-airtable-interfaces/
airtable competitors	320		16.83	navigational	39	/airtable-alternatives-best-options-to-organize-your-work/
airtable interfaces	590	2	6.68	navigational	39	/best-practices-for-building-airtable-interfaces/
airtable limitations	40	5	1.88	informational	39	/airtable-automation-limits-what-you-need-to-know/
download airtable as csv	30		0	informational	39	/how-to-export-airtable-to-excel/
how to export airtable	50		0	informational	39	/how-to-export-airtable-to-excel/
rollup fields	50		0	navigational	39	/airtables-rollup-field-a-quick-guide/
small business customer database software free	40	21	42.21	commercial	39	/best-free-crm-software-for-small-business/
airtable documentation	210	36	0	navigational	40	/understanding-airtable-key-concepts-and-terminology/
airtable download csv	50		0	transactional	40	/how-to-export-airtable-to-excel/
airtable export	210		3.31	commercial	40	/how-to-export-airtable-to-excel/
airtable how to use	50	10	2.13	informational	40	/how-to-use-airtable-step-by-step-guide-for-beginners/
airtable overview	70	20	5.45	navigational	40	/understanding-airtable-key-concepts-and-terminology/
airtable plans	480	12	1.83	informational	40	/airtable-pricing-compare-plans-and-choose-the-best-one/
airtable to excel	110		2.74	navigational	40	/how-to-export-airtable-to-excel/
automation nation	90	8	0	navigational	40	/
business database software	70		0	commercial	40	/best-database-software-for-small-business/
export airtable data	30		2.22	informational	40	/how-to-export-airtable-to-excel/
export from airtable	140		3	commercial	40	/how-to-export-airtable-to-excel/
exporting airtable to excel	260		1.47	informational	40	/how-to-export-airtable-to-excel/
small business free crm	1300	35	39.05	commercial	40	/best-free-crm-software-for-small-business/
what is airtable ai	50	23	2.17	informational	40	/airtables-ai-field-a-quick-guide/
airtable business plan	140	13	3.11	commercial	41	/airtable-pricing-compare-plans-and-choose-the-best-one/
airtable guides	40	18	3.75	informational	41	/how-to-use-airtable-step-by-step-guide-for-beginners/
airtable team plan pricing	170	9	1.62	commercial	41	/airtable-pricing-compare-plans-and-choose-the-best-one/
export airtable database	30		2.22	transactional	41	/how-to-export-airtable-to-excel/
exporting from airtable	110		0	informational	41	/how-to-export-airtable-to-excel/
how much is airtable per month	50	7	7.03	informational	41	/airtable-pricing-compare-plans-and-choose-the-best-one/
how to use airtable	390	19	3.9	informational	41	/how-to-use-airtable-step-by-step-guide-for-beginners/
interface airtable	50	9	4.19	navigational	41	/best-practices-for-building-airtable-interfaces/
netsuite erp for small business	170	12	0	commercial	41	/best-erp-software-for-small-business/
work on multiple projects simultaneously	20	3	0	informational	41	/how-to-manage-multiple-projects-simultaneously/
airtable docs	210	36	0	navigational	42	/understanding-airtable-key-concepts-and-terminology/
airtable export csv	40		0	informational	42	/how-to-export-airtable-to-excel/
airtable export to csv	170		0	informational	42	/how-to-export-airtable-to-excel/
airtable licenses	70	12	1.31	informational	42	/airtable-pricing-compare-plans-and-choose-the-best-one/
airtable values	880	57	6.46	informational	42	/airtable-benefits-why-this-tool-is-a-game-changer/
best database software for personal use	20		1.34	commercial	42	/best-database-software-for-small-business/
airtable cost	5400	9	4.85	informational	43	/airtable-pricing-compare-plans-and-choose-the-best-one/
airtable partners	110	7	6.26	navigational	43	/how-to-hire-and-where-to-find-the-right-airtable-consultant/
airtable subscription	110	13	4.64	transactional	43	/airtable-pricing-compare-plans-and-choose-the-best-one/
airtable tutorial	390	15	3.63	informational	43	/how-to-use-airtable-step-by-step-guide-for-beginners/
automation in airtable	40	2	0.55	navigational	43	/airtable-automations-boost-your-workflow-productivity/
best crm software for small businesses free	30	23	44.49	commercial	43	/best-free-crm-software-for-small-business/
cloud database solutions for small business	30	25	0	commercial	43	/best-database-software-for-small-business/
export airtable to csv	110		0	transactional	43	/how-to-export-airtable-to-excel/
free crm systems for small businesses	40	27	34	commercial	43	/best-free-crm-software-for-small-business/
how to download airtable	30	11	7.65	informational	43	/how-to-export-airtable-to-excel/
airtable com bill	30	14	0.89	navigational	44	/airtable-pricing-compare-plans-and-choose-the-best-one/
airtable how to	40	19	2.22	informational	44	/how-to-use-airtable-step-by-step-guide-for-beginners/
airtable pricing plans	260	6	2.17	commercial	44	/airtable-pricing-compare-plans-and-choose-the-best-one/
best free crm app for small business	40	29	0	commercial	44	/best-free-crm-software-for-small-business/
best free database software for small business	30		0	commercial	44	/best-database-software-for-small-business/
export airtable	210		3.31	commercial	44	/how-to-export-airtable-to-excel/
how is data in a relational database system organized	70	6	0	informational	44	/what-is-a-relational-database/
airtable enterprise	110	39	4.43	navigational	45	/airtable-pricing-compare-plans-and-choose-the-best-one/
airtable free plan	1000	24	12.88	commercial	45	/airtable-pricing-compare-plans-and-choose-the-best-one/
how to export from airtable	110		0	informational	45	/how-to-export-airtable-to-excel/
airtable portals pricing	40	10	1.71	navigational	46	/airtable-pricing-compare-plans-and-choose-the-best-one/
best database software pricing options	30		0	commercial	46	/best-database-software-for-small-business/
database management system for small business	70		18.1	commercial	46	/best-database-software-for-small-business/
free client database software for small business	40		42.21	commercial	46	/best-free-crm-software-for-small-business/
interface designer airtable	30		0.47	navigational	46	/best-practices-for-building-airtable-interfaces/
small company database	170	5	26.1	informational	46	/best-database-software-for-small-business/
airtable billing	170	4	2.2	navigational	47	/airtable-pricing-compare-plans-and-choose-the-best-one/
airtable design system	50	1	2.6	navigational	47	/best-practices-for-building-airtable-interfaces/
airtable for beginners	30	11	5.18	informational	47	/how-to-use-airtable-step-by-step-guide-for-beginners/
airtable license	70	12	1.56	informational	47	/airtable-pricing-compare-plans-and-choose-the-best-one/
airtable pro plan	140	12	1.51	commercial	47	/airtable-pricing-compare-plans-and-choose-the-best-one/
airtable team pricing	210	8	2.55	commercial	47	/airtable-pricing-compare-plans-and-choose-the-best-one/
airtable function	50	1	14.43	navigational	48	/airtable-field-types-a-friendly-guide-to-unlock-the-power-of-your-data/
airtable interface designer	140	5	2.5	navigational	48	/best-practices-for-building-airtable-interfaces/
airtable interface templates	30	2	2.9	navigational	48	/best-practices-for-building-airtable-interfaces/
best free crm software for small business	30	36	47.11	commercial	48	/best-free-crm-software-for-small-business/
fill out table	720		0	informational	48	/fillout-forms-vs-airtable-forms-which-one-should-you-use-with-airtable/
working on multiple projects at once	20	3	0	informational	48	/how-to-manage-multiple-projects-simultaneously/
airtable field agents	70	10	3	informational	49	/airtables-ai-field-a-quick-guide/
airtable free account	30	39	12.99	navigational	49	/airtable-pricing-compare-plans-and-choose-the-best-one/
airtable free plan limits	50	7	6.16	informational	49	/airtable-pricing-compare-plans-and-choose-the-best-one/
airtable price	5400	24	4.85	commercial	49	/airtable-pricing-compare-plans-and-choose-the-best-one/
airtable team plan	1300	19	3.93	informational	49	/airtable-pricing-compare-plans-and-choose-the-best-one/
airtable teams plan	30	9	1.15	commercial	49	/airtable-pricing-compare-plans-and-choose-the-best-one/
airtable vs jotform	40		0	informational	49	/fillout-forms-vs-airtable-forms-which-one-should-you-use-with-airtable/
best enterprise database software	30	1	0	commercial	49	/best-database-software-for-small-business/
database relation	320	18	0	informational	49	/what-is-a-relational-database/
database software for small business	170		37.68	commercial	49	/best-database-software-for-small-business/
free crm systems for small business	40	27	34	commercial	49	/best-free-crm-software-for-small-business/
free customer database software	40	16	30.2	commercial	49	/best-free-crm-software-for-small-business/
how much is airtable	170	9	8.61	informational	49	/airtable-pricing-compare-plans-and-choose-the-best-one/
is airtable free	880	35	12.72	informational	49	/airtable-pricing-compare-plans-and-choose-the-best-one/
using airtable	30	24	4.3	informational	49	/how-to-use-airtable-step-by-step-guide-for-beginners/
airtable 101	40	17	2.7	informational	50	/how-to-use-airtable-step-by-step-guide-for-beginners/
airtable free version	50	29	11.97	transactional	50	/airtable-pricing-compare-plans-and-choose-the-best-one/
airtable vs	90	5	9.3	navigational	50	/airtable-alternatives-best-options-to-organize-your-work/
customer database software free	90		39.58	commercial	50	/best-free-crm-software-for-small-business/
airtable trial	30	29	12.66	informational	51	/airtable-pricing-compare-plans-and-choose-the-best-one/
best value for money database software	30		0	commercial	51	/best-database-software-for-small-business/
free crm system for small business	40	32	34	commercial	51	/best-free-crm-software-for-small-business/
small business database software free	140		44.1	commercial	51	/best-database-software-for-small-business/
airtable pricing	5400	7	4.85	commercial	52	/airtable-pricing-compare-plans-and-choose-the-best-one/
airtable pricing tiers	40	6	0.62	commercial	52	/airtable-pricing-compare-plans-and-choose-the-best-one/
database starter	10	12	0	informational	52	/best-database-software-for-small-business/
free customer database management software	90	6	39.58	commercial	52	/best-free-crm-software-for-small-business/
airtable free trial	70	28	19.49	transactional	53	/airtable-pricing-compare-plans-and-choose-the-best-one/
airtable functions	50	12	14.43	navigational	53	/airtable-field-types-a-friendly-guide-to-unlock-the-power-of-your-data/
best free crm for startups	40	29	21.99	commercial	53	/best-free-crm-software-for-small-business/
database practices	110		2.54	informational	53	/database-design-best-practices/
small business crm software reviews	50	28	0	commercial	53	/best-crm-for-small-business/
what is the best free crm for small business	40	26	49.62	commercial	53	/best-free-crm-software-for-small-business/
airtable experts	50		33.57	navigational	54	/how-to-hire-and-where-to-find-the-right-airtable-consultant/
airtable free	390	91	15.55	informational	54	/airtable-pricing-compare-plans-and-choose-the-best-one/
airtable pricing page	50	6	0.04	commercial	54	/airtable-pricing-compare-plans-and-choose-the-best-one/
cloud-based database for small business	50	21	0	commercial	54	/best-database-software-for-small-business/
free crms for small business	1300	27	39.05	commercial	54	/best-free-crm-software-for-small-business/
free software crm	1900	36	49.06	commercial	54	/best-free-crm-software-for-small-business/
how do you manage multiple projects simultaneously	30		0	informational	54	/how-to-manage-multiple-projects-simultaneously/
best database software for ecommerce websites	30		0	commercial	55	/best-database-software-for-small-business/
customer database management software free	90	1	39.58	commercial	56	/best-free-crm-software-for-small-business/
database guidelines	390		8.13	informational	56	/database-design-best-practices/
small business crm app	90	39	76.34	commercial	56	/best-free-crm-software-for-small-business/
airtable record limits	70	10	0	informational	57	/airtable-pricing-compare-plans-and-choose-the-best-one/
automate airtable	50		0	transactional	57	/airtable-automations-boost-your-workflow-productivity/
fillout.com	170	13	3.76	navigational	57	/fillout-forms-vs-airtable-forms-which-one-should-you-use-with-airtable/
free easy crm	30	36	128.22	commercial	57	/best-free-crm-software-for-small-business/
what is an airtable	320	31	8.57	informational	57	/understanding-airtable-key-concepts-and-terminology/
airtable nonprofit pricing	110	9	7	informational	58	/airtable-pricing-compare-plans-and-choose-the-best-one/
cloud based database for small business	50	40	0	commercial	58	/best-database-software-for-small-business/
cloud database for small business	50	40	0	commercial	58	/best-database-software-for-small-business/
how to delete an automation	70		0	informational	58	/airtable-automation-delete-record/
is there a free version of airtable	40	29	13.3	informational	58	/airtable-pricing-compare-plans-and-choose-the-best-one/
thinkistan	90	2	0	informational	58	/
airtable excel	110	7	2.74	transactional	59	/how-to-export-airtable-to-excel/
free crm programs	1900	36	49.06	commercial	59	/best-free-crm-software-for-small-business/
free crm tools for small business	40	26	76.46	commercial	59	/best-free-crm-software-for-small-business/
which statement accurately describes the organization of a relational database	50		0	informational	59	/what-is-a-relational-database/
airtable examples	210	26	6.99	informational	60	/airtable-templates-why-to-use-them-where-to-find-them/
airtable pro	50	21	4.74	transactional	60	/airtable-pricing-compare-plans-and-choose-the-best-one/
airtable usage	30	26	8.14	navigational	60	/understanding-airtable-key-concepts-and-terminology/
airtable use	30	26	8.14	navigational	60	/how-to-use-airtable-step-by-step-guide-for-beginners/
how to create a crm system	50	6	39.6	informational	60	/how-to-build-a-crm-system/
what is the best free crm	30	36	166.14	commercial	60	/best-free-crm-software-for-small-business/
airtable promo code	90		22.4	commercial	61	/airtable-pricing-compare-plans-and-choose-the-best-one/
customer database software for small business free	40	1	42.21	commercial	61	/best-free-crm-software-for-small-business/
database best practices	70		0	informational	61	/database-design-best-practices/
free crm for small business	1300	27	39.05	commercial	61	/best-free-crm-software-for-small-business/
is airtable free to use	40	34	11.84	informational	61	/airtable-pricing-compare-plans-and-choose-the-best-one/
best client portal software	140		53.31	commercial	62	/best-client-portal-software/
best database software deals and discounts	30	11	0	commercial	62	/best-database-software-for-small-business/
best free crm apps	70	35	12.31	commercial	62	/best-free-crm-software-for-small-business/
best free crm for small business	480	40	39.69	commercial	62	/best-free-crm-software-for-small-business/
relation definition database	70	8	0	informational	62	/what-is-a-relational-database/
small erp	30	3	38.36	commercial	62	/best-erp-software-for-small-business/
free sales crm	90	35	74.33	commercial	63	/best-free-crm-software-for-small-business/
how does airtable work	140	39	7.17	informational	63	/how-to-use-airtable-step-by-step-guide-for-beginners/
what does relational database mean	30	22	0	informational	63	/what-is-a-relational-database/
best free crm application	70	35	22.24	commercial	64	/best-free-crm-software-for-small-business/
free crm system download	40	48	94.35	informational	64	/best-free-crm-software-for-small-business/
working on multiple projects simultaneously	20		0	informational	64	/how-to-manage-multiple-projects-simultaneously/
a relational database	50	35	0	informational	65	/what-is-a-relational-database/
client database for small business	50	6	73.2	commercial	65	/best-database-software-for-small-business/
free customer database	40	9	15.95	informational	65	/best-free-crm-software-for-small-business/
airtable investors	90	31	0	navigational	66	/how-airtable-transforms-venture-capital/
cheap erp system	110	13	60.9	commercial	66	/best-erp-software-for-small-business/
relational tables	480	16	0	informational	66	/what-is-a-relational-database/
relational tables database	480		0	informational	66	/what-is-a-relational-database/
sales crm software free	40	35	151.81	commercial	66	/best-free-crm-software-for-small-business/
free crm software download	50	45	26.98	commercial	68	/best-free-crm-software-for-small-business/
how to prioritize multiple projects	30	1	0	informational	68	/how-to-manage-multiple-projects-simultaneously/
managing multiple projects	260	7	16.48	informational	68	/how-to-manage-multiple-projects-simultaneously/
small business management software free	30		26.65	commercial	68	/best-free-crm-software-for-small-business/
best free crm software	390	35	55.88	commercial	69	/best-free-crm-software-for-small-business/
business management software free	110	5	32.35	commercial	69	/best-free-crm-software-for-small-business/
free crm for sales reps	30	40	0	commercial	69	/best-free-crm-software-for-small-business/
free sales software for small business	30	35	16.22	commercial	69	/best-free-crm-software-for-small-business/
completely free crm	30	37	30.28	commercial	70	/best-free-crm-software-for-small-business/
create your own crm	170	6	61.92	commercial	70	/how-to-build-a-crm-system/
customer management system free	40	32	53.79	commercial	70	/best-free-crm-software-for-small-business/
erp business management software	50	43	49.97	commercial	70	/best-erp-software-for-small-business/
free customer management software	40	36	81.76	commercial	70	/best-free-crm-software-for-small-business/
how to organize multiple projects	30	2	1.46	informational	70	/how-to-manage-multiple-projects-simultaneously/
relation data	6600	13	28.06	informational	70	/what-is-a-relational-database/
what does relational mean in a relational database	30	36	0	informational	70	/what-is-a-relational-database/
what is relational database system	880	13	0	informational	70	/what-is-a-relational-database/
best user friendly database software	70	3	0	commercial	71	/best-database-software-for-small-business/
crm data entry software	30	29	0	commercial	71	/best-free-crm-software-for-small-business/
free crm for personal use	30	32	11.3	informational	71	/best-free-crm-software-for-small-business/
freeware crm download	30	49	48.67	informational	71	/best-free-crm-software-for-small-business/
how to build a crm	140	4	21.47	informational	71	/how-to-build-a-crm-system/
how to build crm	50	4	30.69	informational	71	/how-to-build-a-crm-system/
what is relational data	2400	12	0.07	informational	71	/what-is-a-relational-database/
best free crm system	390	35	55.88	commercial	72	/best-free-crm-software-for-small-business/
crm database free	50	36	45.13	commercial	72	/best-free-crm-software-for-small-business/
easy free crm	40	38	92.09	commercial	72	/best-free-crm-software-for-small-business/
erp system for small business	1600	6	71.39	commercial	72	/best-erp-software-for-small-business/
free crm packages	1900	35	49.06	commercial	72	/best-free-crm-software-for-small-business/
free crm platforms	320	35	54.95	commercial	72	/best-free-crm-software-for-small-business/
free customer database software for small business	40		42.21	commercial	72	/best-free-crm-software-for-small-business/
kohezion	90	2	0	informational	72	/
small erp system	30	10	38.36	commercial	72	/best-erp-software-for-small-business/
what is a relational database	2400	23	0.07	informational	72	/what-is-a-relational-database/
what is relational table	20	23	0	informational	72	/what-is-a-relational-database/
concurrent projects	30		0	informational	73	/how-to-manage-multiple-projects-simultaneously/
pubnation	110		48.94	navigational	73	/
